channel_id,channel_name,subjects
UCuJqXbrblfKeO9fa82a7KHQ,Katfi Charif Zina,Natural Sciences
UC0d4KeLAVR9OV96tZg4ZmNg,الاستاذ باشا للعلوم,Natural Sciences
UC8eT3eeWYgPkOgoEFDsYGLQ,mostafa bdd,Natural Sciences
UCZSvIj-5Gsx6S0b7iOKb56A,الأستاذ بن عثمان علوم الطبيعة و الحياة,Natural Sciences
UC0BE1aNXDWxcJqIVCBqN3rg,الأستاذ شاوش,Natural Sciences
UCSvlOpnBLysOZngdzu8lz_Q,أيوب للعلوم,Natural Sciences
UCtIlS5kQYjsl2Qz6aCehLnw,الاستاذة خيرة فليتي في علوم الطبيعة والحياة,Natural Sciences
UC1OxQheqDv1l0l7sj3HHqQQ,Mr.Mansouri,French
UCE-8XGVGfNhks935Pg08t9A,sally.français,French
UC2SW8pNexJOUf0HDEtFxdFA,Reda.français,French
UCFQml7iXQiim65pRfOG3SKg,Nasri English,English
UCZWnXQCYJIk9RyAm78r2L_w,amine english,English
UCCAOxcqQwG1PzL3dYSkj8zg,Mr. DJIAR Anglais,English
UCTiFoJXhyBE1QYL4ClQVprQ,Higuone Oussama,Arabic
UC86eaktFPyvirg2FmB2suEw,الأستاذ بوبكر مبروك اللغة العربية,Arabic
UCEpuRLQpVVre6nwaV6cRjrw,الأستاذ شريفي عربية,Arabic
UCqNApt8CUzeR92CKm4nYuMg,Nourredine Math,Maths
UCnMzRcYSang1SXOZLH77ljw,الأستاذ عبد الباسط,Maths
UC4jTCReA5RAg1lcp2PAQZDA,Prof Rania,Maths
UC8oi_RtBCDFDwe1G2g2ZsOQ,الاستاذ مرنيز وليد للرياضيات,Maths
UC7Nkfu9JN_NVZ6EK2aO3wpQ,- قناة الأستاذ سفيان - ط,Maths
UCheooCn0Aayp_XiXZ2ImYvA,Prof-Ahmed Trir,Physics
UChwRLvVhjOMQKo8d7_iJ6tQ,الأستاذ عبد اللطيف Abdellatif,Physics
UCY-8yXDXiN9MJx6v2Z53HFw,sid ahmed chaallel,Physics
UCwD8J-1LnqE7eWUP_WYjPXg,Zeddoun Med El Amine,Physics
UCwy5nzYHV06XfP9iixv_BZA,أستاذ الفلسفة. خليل سعيداني,Philosophy
UC3jphI166GZc_fMhg6CKiyw,الفلسفة مع هواري,Philosophy
UCBOS3qcIWGBkQXzPqu-K5qQ,Prof Fares philo,Philosophy
UC2sQzLA42hTd7XYCFhhaA2A,أستاذ الفلسفة أكرم غسان,Philosophy
UCEpjYCJ4YJNRCbbe2y5E_tQ,أستاذ الفلسفة عادل مقرود,Philosophy
UC1aEULeoYOKR4r3_4yangQw,الأستاذة بوسعادي BOUSSAADi,Islamic Sciences
UCPqxTYt_OoCEfKVmdei7oEQ,Dr_chms,Islamic Sciences
UCW09bDDZFA-sFS3GIAh5UiQ,Hind chaouaou,History & Geography
UCL-Pz7CzO7l88XJ2ccHPGCQ,الأستاذ عبدوش,History & Geography
UCeyN7ipOQs6Ld4jEIMFAaKw,الأستاذ بورنان,History & Geography
UCGeGU3yReqW35C_KJVMuW1g,الأستاذ عبدالنور خليفي Abdennour Khalifi,History & Geography
